{
    "accuracy": 0.8959131545338442,
    "f1_score": 0.43654320987654316
}