{
    "accuracy": 0.8923554095967889,
    "f1_score": 0.429951690821256
}