{
    "accuracy": 0.9074986316365626,
    "f1_score": 0.4434687156970363
}